  ABDUCTION("Abduction", IndexOffenceGroup.SEXUAL_OFFENCE_SERIOUS_GROUP),
  ABDUCTION_SEXUAL_OFFENCES_ACT_1956("ABDUCTION (SEXUAL OFFENCES ACT 1956)", IndexOffenceGroup.SEXUAL_OFFENCE_GROUP),
  ABDUCTION_OF_WOMAN_BY_FORCE_OR_FOR_THE_SAKE_OF_HER("Abduction of woman by force or for the sake of her", IndexOffenceGroup.SEXUAL_OFFENCE_SERIOUS_GROUP),
  ABH("ABH", IndexOffenceGroup.VIOLENCE_AGAINST_THE_PERSON_GROUP),
  ABSCOND("ABSCOND", IndexOffenceGroup.OTHER_GROUP),
  ABSTRACTING_ELECTRICITY("ABSTRACTING ELECTRICITY", IndexOffenceGroup.THEFT_AND_HANDLING_GROUP),
  ABUSE_OF_A_POSITION_OF_TRUST_SEC_3_SOA_ACT_2000("ABUSE OF A POSITION OF TRUST SEC 3 SO(A) ACT 2000", IndexOffenceGroup.OTHER_GROUP),
  ADMINISTER_DRUGS("ADMINISTER DRUGS", IndexOffenceGroup.DRUG_OFFENCES_GROUP),
  ADMINISTERING_A_SUBSTANCE_WITH_INTENT_SECTION_61_OF_THE_SEXUAL_OFFENCES_ACT_2003("Administering a substance with intent (section 61 of the Sexual Offences Act 2003)", IndexOffenceGroup.SEXUAL_OFFENCE_GROUP),
  AFFILIATION_ORDERS("AFFILIATION ORDERS", IndexOffenceGroup.OTHER_GROUP),
  AFFRAY("AFFRAY", IndexOffenceGroup.VIOLENCE_AGAINST_THE_PERSON_SERIOUS_GROUP),
  AGGRAVATED_ASSAULT("AGGRAVATED ASSAULT", IndexOffenceGroup.SEXUAL_OFFENCE_SERIOUS_GROUP),
  AGGRAVATED_BURGLARY_SECTION_10_OF_THE_THEFT_ACT_1968("Aggravated burglary (section 10 of the Theft Act 1968)", IndexOffenceGroup.BURGLARY_GROUP),
  AGGRAVATED_DRUNKENESS("AGGRAVATED DRUNKENESS", IndexOffenceGroup.OTHER_GROUP),
  AGGRAVATED_THEFT("Aggravated theft", IndexOffenceGroup.THEFT_AND_HANDLING_GROUP),
  AGGRAVATED_VEHICLE_TAKING("Aggravated vehicle taking", IndexOffenceGroup.ROBBERY_GROUP),
  AGGRAVATED_VEHICLE_TAKING_INVOLVING_AN_ACCIDENT_WHICH_CAUSED_THE_DEATH_OF_ANY_PERSON_SECTION_12A_OF_THE_THEFT_ACT_1968("Aggravated vehicle-taking involving an accident which caused the death of any person (Section 12A of the Theft Act 1968)", IndexOffenceGroup.THEFT_AND_HANDLING_GROUP),
  AIDING_OR_ABETTING_A_SERIOUS_SEX_OFFENCE("Aiding or abetting a serious sex offence", IndexOffenceGroup.SEXUAL_OFFENCE_SERIOUS_GROUP),
  AIDING_ABETTING_COUNSELLING_PROCURING_OR_INCITING_THE_COMMISSION_OR_CONSPIRING_TO_COMMIT_OR_ATTEMPTING_TO_COMMIT_AN_SFO_OFFENCE("Aiding, abetting, counselling, procuring or inciting the commission, or conspiring to commit, or attempting to commit an SFO offence", IndexOffenceGroup.OTHER_GROUP),
  ARMED_ROBBERY("Armed Robbery", IndexOffenceGroup.ROBBERY_GROUP),
  ARRANGING_OR_FACILITATING_CHILD_PROSTITUTION_OR_PORNOGRAPHY_SECTION_50_OF_THE_SEXUAL_OFFENCES_ACT_2003("Arranging or facilitating child prostitution or pornography (section 50 of the Sexual Offences Act 2003)", IndexOffenceGroup.SEXUAL_OFFENCE_SERIOUS_GROUP),
  ARRANGING_OR_FACILITATING_COMMISSION_OF_A_CHILD_SEX_OFFENCE_SECTION_14_OF_THE_SEXUAL_OFFENCES_ACT_2003("Arranging or facilitating commission of a child sex offence (section 14 of the Sexual Offences Act 2003)", IndexOffenceGroup.SEXUAL_OFFENCE_SERIOUS_GROUP),
  ARSON_SECTION_1_OF_THE_CRIMINAL_DAMAGE_ACT_1971("Arson (section 1 of the Criminal Damage Act 1971)", IndexOffenceGroup.VIOLENCE_AGAINST_THE_PERSON_SERIOUS_GROUP),
  ARSON_WITH_INTENT("ARSON WITH INTENT", IndexOffenceGroup.VIOLENCE_AGAINST_THE_PERSON_GROUP),
  ASSAULT_A_POLICE_OFFICER("ASSAULT A POLICE OFFICER", IndexOffenceGroup.VIOLENCE_AGAINST_THE_PERSON_GROUP),
  ASSAULT_BY_PENETRATION_SECTION_2_OF_THE_SEXUAL_OFFENCES_ACT_2003("Assault by penetration (section 2 of the Sexual Offences Act 2003)", IndexOffenceGroup.SEXUAL_OFFENCE_SERIOUS_GROUP),
  ASSAULT_COURT_PRISON_OFFICER("ASSAULT COURT/PRISON OFFICER", IndexOffenceGroup.VIOLENCE_AGAINST_THE_PERSON_GROUP),
  ASSAULT_OCCASIONING_ABH("ASSAULT OCCASIONING ABH", IndexOffenceGroup.VIOLENCE_AGAINST_THE_PERSON_GROUP),
  ASSAULT_OF_A_CHILD_UNDER_13_BY_PENETRATION_SECTION_6_OF_THE_SEXUAL_OFFENCES_ACT_2003("Assault of a child under 13 by penetration (section 6 of the Sexual Offences Act 2003)", IndexOffenceGroup.SEXUAL_OFFENCE_SERIOUS_GROUP),
  ASSAULT_WITH_INTENT_TO_CAUSE_ABH("ASSAULT WITH INTENT TO CAUSE ABH", IndexOffenceGroup.VIOLENCE_AGAINST_THE_PERSON_GROUP),
  ASSAULT_WITH_INTENT_TO_CAUSE_GBH("ASSAULT WITH INTENT TO CAUSE GBH", IndexOffenceGroup.VIOLENCE_AGAINST_THE_PERSON_GROUP),
  ASSAULT_WITH_INTENT_TO_COMMIT_BUGGERY_SECTION_16_OF_THE_SEXUAL_OFFENCES_ACT_1956("Assault with intent to commit buggery (section 16 of the Sexual Offences Act 1956)", IndexOffenceGroup.SEXUAL_OFFENCE_GROUP),
  ASSAULT_WITH_INTENT_TO_RESIST_ARREST("ASSAULT WITH INTENT TO RESIST ARREST", IndexOffenceGroup.VIOLENCE_AGAINST_THE_PERSON_GROUP),
  ASSISTING_A_GIRL_TO_MUTILATE_HER_OWN_GENITALIA_SECTION_2_OF_THE_FEMALE_GENITAL_MUTILATION_ACT_2003("Assisting a girl to mutilate her own genitalia (section 2 of the Female Genital Mutilation Act 2003)", IndexOffenceGroup.SEXUAL_OFFENCE_GROUP),
  ASSISTING_A_NON_UK_PERSON_TO_MUTILATE_OVERSEAS_A_GIRLS_GENITALIA_SECTION_3_OF_THE_FEMALE_GENITAL_MUTILATION_ACT_2003_A_AIDING_ABETTING_COUNSELLING_PROCURING_OR_INCITING_THE_COMMISSION_OF_AN_OFFENCE_SPECIFIED_IN_THIS_PART_OF_THIS_SCHEDULE_B_CONSPIRING_TO_COMMIT_AN_OFFENCE_SO_SPECIFIED_C_ATTEMPTING_TO_COMMIT_AN_OFFENCE_SO_SPECIFIED("Assisting a non-UK person to mutilate overseas a girl's genitalia (section 3 of the Female Genital Mutilation Act 2003) (a) Aiding, abetting, counselling, procuring or inciting the commission of an offence specified in this Part of this Schedule (b) Conspiring to commit an offence so specified (c) attempting to commit an offence so specified", IndexOffenceGroup.SEXUAL_OFFENCE_GROUP),
  ASSISTING_ILLEGAL_IMMIGRANTS("ASSISTING ILLEGAL IMMIGRANTS", IndexOffenceGroup.OTHER_GROUP),
  ATTEMPT_TO_CAUSE_EXPLOSION_OR_MAKING_OR_KEEPING_EXPLOSIVE_WITH_INTENT_TO_ENDANGER_LIFE_OR_PROPERTY_SECTION_3_OF_THE_EXPLOSIVE_SUBSTANCES_ACT_1883("Attempt to cause explosion, or making or keeping explosive with intent to endanger life or property (section 3 of the Explosive Substances Act 1883)", IndexOffenceGroup.TERRORISM_GROUP),
  ATTEMPT_TO_COMMIT_A_KIDNAP("ATTEMPT TO COMMIT A KIDNAP", IndexOffenceGroup.VIOLENCE_AGAINST_THE_PERSON_GROUP),
  ATTEMPT_TO_COMMIT_MURDER_OR_A_CONSPIRACY_TO_COMMIT_MURDER("Attempt to commit murder or a conspiracy to commit murder", IndexOffenceGroup.VIOLENCE_AGAINST_THE_PERSON_SERIOUS_GROUP),
  ATTEMPT_TO_COMMIT_RAPE("ATTEMPT TO COMMIT RAPE", IndexOffenceGroup.SEXUAL_OFFENCE_SERIOUS_GROUP),
  ATTEMPT_TO_COMMIT_THEFT("ATTEMPT TO COMMIT THEFT", IndexOffenceGroup.THEFT_AND_HANDLING_GROUP),
  ATTEMPT_TO_PERVERT_THE_COURSE_OF_JUSTICE("ATTEMPT TO PERVERT THE COURSE OF JUSTICE", IndexOffenceGroup.OTHER_GROUP),
  ATTEMPTED_BUGGERY("ATTEMPTED BUGGERY", IndexOffenceGroup.SEXUAL_OFFENCE_SERIOUS_GROUP),
  ATTEMPTED_BURGLARY("ATTEMPTED BURGLARY", IndexOffenceGroup.BURGLARY_GROUP),
  ATTEMPTED_BURGLARY_WITH_INTENT_TO_STEAL_IN_DWELLING("Attempted burglary (with intent to steal - in dwelling)", IndexOffenceGroup.BURGLARY_GROUP),
  ATTEMPTED_DECEPTION("ATTEMPTED DECEPTION", IndexOffenceGroup.FRAUD_AND_FORGERY_GROUP),
  ATTEMPTED_MURDER("ATTEMPTED MURDER", IndexOffenceGroup.VIOLENCE_AGAINST_THE_PERSON_SERIOUS_GROUP),
  ATTEMPTED_ROBBERY("ATTEMPTED ROBBERY", IndexOffenceGroup.ROBBERY_GROUP),
  ATTEMPTING_TO_CHOKE_SUFFOCATE_OR_STRANGLE_IN_ORDER_TO_COMMIT_OR_ASSIST_IN_COMMITTING_AN_INDICTABLE_OFFENCE_SECTION_21_OF_THE_OFFENCES_AGAINST_THE_PERSON_ACT_1861("Attempting to choke, suffocate or strangle in order to commit or assist in committing an indictable offence (section 21 of the Offences Against the Person Act 1861)", IndexOffenceGroup.VIOLENCE_AGAINST_THE_PERSON_SERIOUS_GROUP),
  BAIL_ACT_OFFENCES("Bail Act Offences", IndexOffenceGroup.OTHER_GROUP),
  BATTERY("Battery", IndexOffenceGroup.VIOLENCE_AGAINST_THE_PERSON_GROUP),
  BEING_CARRIED_IN_A_STOLEN_VEHICLE("BEING CARRIED IN A STOLEN VEHICLE", IndexOffenceGroup.MOTORING_OFFENCES_GROUP),
  BETTING_GAMING_AND_LOTTERIES("BETTING GAMING AND LOTTERIES", IndexOffenceGroup.OTHER_GROUP),
  BIGAMY("BIGAMY", IndexOffenceGroup.OTHER_GROUP),
  BLACKMAIL("BLACKMAIL", IndexOffenceGroup.OTHER_GROUP),
  BOMB_HOAX("BOMB HOAX", IndexOffenceGroup.TERRORISM_GROUP),
  BREACH_OF_ANTI_SOCIAL_BEHAVIOUR_ORDER("Breach of anti social behaviour order", IndexOffenceGroup.OTHER_GROUP),
  BREACH_OF_ATTENDANCE_ORDER("BREACH OF ATTENDANCE ORDER", IndexOffenceGroup.OTHER_GROUP),
  BREACH_OF_BAIL("BREACH OF BAIL", IndexOffenceGroup.OTHER_GROUP),
  BREACH_OF_COMBINATION_ORDER("BREACH OF COMBINATION ORDER", IndexOffenceGroup.OTHER_GROUP),
  BREACH_OF_COMMUNITY_SERVICE_ORDER("BREACH OF COMMUNITY SERVICE ORDER", IndexOffenceGroup.OTHER_GROUP),
  BREACH_OF_CONDITIONAL_DISCHARGE("BREACH OF CONDITIONAL DISCHARGE", IndexOffenceGroup.OTHER_GROUP),
  BREACH_OF_COURT_ORDER("Breach of Court Order", IndexOffenceGroup.OTHER_GROUP),
  BREACH_OF_DRUG_TESTING_AND_TREATMENT_ORDER("BREACH OF DRUG TESTING AND TREATMENT ORDER", IndexOffenceGroup.OTHER_GROUP),
  BREACH_OF_PROBATION_ORDER("BREACH OF PROBATION ORDER", IndexOffenceGroup.OTHER_GROUP),
  BREACH_OF_RECOGNISANCE("BREACH OF RECOGNISANCE", IndexOffenceGroup.OTHER_GROUP),
  BREACH_OF_RESTRAINING_ORDER("BREACH OF RESTRAINING ORDER", IndexOffenceGroup.OTHER_GROUP),
  BREACH_OF_SEXUAL_OFFENCES_PREVENTION_ORDER_SOPO("Breach of Sexual Offences Prevention Order (SOPO)", IndexOffenceGroup.SEXUAL_OFFENCE_GROUP),
  BREACH_OF_SUPERVISION_ORDER("BREACH OF SUPERVISION ORDER", IndexOffenceGroup.OTHER_GROUP),
  BREACH_OF_SUSPENDED_SENTENCE("BREACH OF SUSPENDED SENTENCE", IndexOffenceGroup.OTHER_GROUP),
  BREACH_OF_THE_PEACE("Breach of the Peace", IndexOffenceGroup.OTHER_GROUP),
  BREAK_AND_ENTRY("BREAK AND ENTRY", IndexOffenceGroup.BURGLARY_GROUP),
  BUGGERY("BUGGERY", IndexOffenceGroup.SEXUAL_OFFENCE_SERIOUS_GROUP),
  BURGLARY("BURGLARY", IndexOffenceGroup.BURGLARY_GROUP),
  BURGLARY_STEALING_IN_DWELLING("Burglary (stealing - in dwelling)", IndexOffenceGroup.BURGLARY_GROUP),
  BURGLARY_OF_A_DWELLING_PLACE("BURGLARY OF A DWELLING PLACE", IndexOffenceGroup.BURGLARY_GROUP),
  BURGLARY_OF_NON_DWELLING_PLACE("BURGLARY OF NON-DWELLING PLACE", IndexOffenceGroup.BURGLARY_GROUP),
  BURGLARY_WITH_INTENT_TO_A_INFLICT_GRIEVOUS_BODILY_HARM_ON_A_PERSON_OR_B_DO_UNLAWFUL_DAMAGE_TO_A_BUILDING_OR_ANYTHING_IN_IT_SECTION_9_OF_THE_THEFT_ACT_1968("Burglary with intent to- (a) inflict grievous bodily harm on a person or (b) do unlawful damage to a building or anything in it (section 9 of the Theft Act 1968)", IndexOffenceGroup.BURGLARY_GROUP),
  BURGLARY_WITH_INTENT_TO_COMMIT_RAPE_SECTION_9_OF_THE_THEFT_ACT_1968("Burglary with intent to commit rape (section 9 of the Theft Act 1968)", IndexOffenceGroup.SEXUAL_OFFENCE_SERIOUS_GROUP),
  CARE_WORKERS_CAUSING_OR_INCITING_SEXUAL_ACTIVITY_SECTION_39_OF_THE_SEXUAL_OFFENCES_ACT_2003("Care workers: causing or inciting sexual activity (section 39 of the Sexual Offences Act 2003)", IndexOffenceGroup.SEXUAL_OFFENCE_GROUP),
  CARE_WORKERS_SEXUAL_ACTIVITY_WITH_A_PERSON_WITH_A_MENTAL_DISORDER_SECTION_38_OF_THE_SEXUAL_OFFENCES_ACT_2003("Care workers: sexual activity with a person with a mental disorder (section 38 of the Sexual Offences Act 2003)", IndexOffenceGroup.SEXUAL_OFFENCE_GROUP),
  CARRYING_A_FIREARM_WITH_CRIMINAL_INTENT_SECTION_18_OF_THE_FIREARMS_ACT_1968("Carrying a firearm with criminal intent (section 18 of the Firearms Act 1968)", IndexOffenceGroup.VIOLENCE_AGAINST_THE_PERSON_GROUP),
  CAUSE_A_FEMALE_TO_ENGAGED_IN_SEXUAL_ACTIVITY_WITHOUT_CONSENT_PENETRATION("Cause a female to engaged in sexual activity without consent - penetration", IndexOffenceGroup.SEXUAL_OFFENCE_SERIOUS_GROUP),
  CAUSE_A_MALE_TO_ENGAGED_IN_SEXUAL_ACTIVITY_WITHOUT_CONSENT_PENETRATION("Cause a male to engaged in sexual activity without consent - penetration", IndexOffenceGroup.SEXUAL_OFFENCE_SERIOUS_GROUP),
  CAUSE_INCITE_A_PERSON_WITH_A_MENTAL_DISORDER_LEARNING_DISABILITY_TO_ENGAGE_IN_SEXUAL_ACTIVITY_CARE_WORKER_PENETRATION_OF_ANUS_VAGINA_MOUTH_BY_PENIS_PART_OF_BODY("Cause/incite a person with a mental disorder/learning disability to engage in sexual activity - care worker - penetration of anus, vagina, mouth by penis/part of body", IndexOffenceGroup.SEXUAL_OFFENCE_SERIOUS_GROUP),
  CAUSING_A_CHILD_TO_WATCH_A_SEXUAL_ACT_SECTION_12_OF_THE_SEXUAL_OFFENCES_ACT_2003("Causing a child to watch a sexual act (section 12 of the Sexual Offences Act 2003)", IndexOffenceGroup.SEXUAL_OFFENCE_SERIOUS_GROUP),
  CAUSING_A_PERSON_TO_ENGAGE_IN_SEXUAL_ACTIVITY_WITHOUT_CONSENT_SECTION_4_OF_THE_SEXUAL_OFFENCES_ACT_2003("Causing a person to engage in sexual activity without consent (section 4 of the Sexual Offences Act 2003)", IndexOffenceGroup.SEXUAL_OFFENCE_SERIOUS_GROUP),
  CAUSING_A_PERSON_WITH_A_MENTAL_DISORDER_IMPEDING_CHOICE_TO_WATCH_A_SEXUAL_ACT_SECTION_33_OF_THE_SEXUAL_OFFENCES_ACT_2003("Causing a person with a mental disorder impeding choice to watch a sexual act (section 33 of the Sexual Offences Act 2003)", IndexOffenceGroup.SEXUAL_OFFENCE_SERIOUS_GROUP),
  CAUSING_A_PERSON_WITH_A_MENTAL_DISORDER_TO_ENGAGE_IN_OR_AGREE_TO_ENGAGE_IN_SEXUAL_ACTIVITY_BY_INDUCEMENT_THREAT_OR_DECEPTION_SECTION_35_OF_THE_SEXUAL_OFFENCES_ACT_2003("Causing a person with a mental disorder to engage in or agree to engage in sexual activity by inducement, threat or deception (section 35 of the Sexual Offences Act 2003)", IndexOffenceGroup.SEXUAL_OFFENCE_SERIOUS_GROUP),
  CAUSING_A_PERSON_WITH_A_MENTAL_DISORDER_TO_WATCH_A_SEXUAL_ACT_BY_INDUCEMENT_THREAT_OR_DECEPTION_SECTION_37_OF_THE_SEXUAL_OFFENCES_ACT_2003("Causing a person with a mental disorder to watch a sexual act by inducement, threat or deception (section 37 of the Sexual Offences Act 2003)", IndexOffenceGroup.SEXUAL_OFFENCE_SERIOUS_GROUP),
  CAUSING_AN_EXPLOSION_OR_PLACING_EXPLOSIVE("CAUSING AN EXPLOSION OR PLACING EXPLOSIVE", IndexOffenceGroup.TERRORISM_GROUP),
  CAUSING_BODILY_INJURY_BY_EXPLOSIVES_SECTION_28_OF_THE_OFFENCES_AGAINST_THE_PERSON_ACT_1861("Causing bodily injury by explosives (section 28 of the Offences Against the Person Act 1861)", IndexOffenceGroup.VIOLENCE_AGAINST_THE_PERSON_SERIOUS_GROUP),
  CAUSING_DEATH_BY_CARELESS_DRIVING_WHEN_UNDER_INFLUENCE_OF_DRINK_OR_DRUGS_SECTION_3A_OF_THE_ROAD_TRAFFIC_ACT_1988("Causing death by careless driving when under influence of drink or drugs (section 3A of the Road Traffic Act 1988)", IndexOffenceGroup.DRUG_OFFENCES_GROUP),
  CAUSING_DEATH_BY_DANGEROUS_DRIVING_SECTION_1_OF_THE_ROAD_TRAFFIC_ACT_1988("Causing death by dangerous driving (section 1 of the Road Traffic Act 1988)", IndexOffenceGroup.MOTORING_OFFENCES_GROUP),
  CAUSING_EXPLOSION_LIKELY_TO_ENDANGER_LIFE_OR_PROPERTY_SECTION_2_OF_THE_EXPLOSIVE_SUBSTANCES_ACT_1883("Causing explosion likely to endanger life or property (section 2 of the Explosive Substances Act 1883)", IndexOffenceGroup.VIOLENCE_AGAINST_THE_PERSON_SERIOUS_GROUP),
  CAUSING_OR_ALLOWING_THE_DEATH_OF_A_CHILD_OR_VULNERABLE_ADULT_ALSO_CALLED_FAMILIAL_HOMICIDE_SECTION_5_OF_THE_DOMESTIC_VIOLENCE_CRIME_AND_VICTIMS_ACT_2004("Causing or allowing the death of a child or vulnerable adult, also called --familial homicide-- (Section 5 of the Domestic Violence, Crime and Victims Act 2004)", IndexOffenceGroup.VIOLENCE_AGAINST_THE_PERSON_SERIOUS_GROUP),
  CAUSING_OR_INCITING_A_CHILD_TO_ENGAGE_IN_SEXUAL_ACTIVITY_SECTION_10_OF_THE_SEXUAL_OFFENCES_ACT_2003("Causing or inciting a child to engage in sexual activity (section 10 of the Sexual Offences Act 2003)", IndexOffenceGroup.SEXUAL_OFFENCE_SERIOUS_GROUP),
  CAUSING_OR_INCITING_A_PERSON_WITH_A_MENTAL_DISORDER_IMPEDING_CHOICE_TO_ENGAGE_IN_SEXUAL_ACTIVITY_SECTION_31_OF_THE_SEXUAL_OFFENCES_ACT_2003("Causing or inciting a person with a mental disorder impeding choice to engage in sexual activity (section 31 of the Sexual Offences Act 2003)", IndexOffenceGroup.SEXUAL_OFFENCE_SERIOUS_GROUP),
  CAUSING_OR_INCITING_CHILD_PROSTITUTION_OR_PORNOGRAPHY_SECTION_48_OF_THE_SEXUAL_OFFENCES_ACT_2003("Causing or inciting child prostitution or pornography (section 48 of the Sexual Offences Act 2003)", IndexOffenceGroup.SEXUAL_OFFENCE_SERIOUS_GROUP),
  CHILD_ABDUCTION("Child Abduction", IndexOffenceGroup.VIOLENCE_AGAINST_THE_PERSON_GROUP),
  CHILD_DESTRUCTION("Child Destruction", IndexOffenceGroup.VIOLENCE_AGAINST_THE_PERSON_SERIOUS_GROUP),
  CHILD_DESTRUCTION_SECTION_1_OF_THE_INFANT_LIFE_PRESERVATION_ACT_1929("Child destruction (section 1 of the Infant Life (Preservation) Act 1929)", IndexOffenceGroup.VIOLENCE_AGAINST_THE_PERSON_SERIOUS_GROUP),
  CHOKING_WITH_INTENT_TO_ROBBERY("Choking with intent to Robbery", IndexOffenceGroup.ROBBERY_GROUP),
  COMMIT_ANY_OFFENCE_BY_KIDNAP_FALSE_IMPRISONMENT_WITH_INTENT_COMMIT_A_SEXUAL_OFFENCE("Commit any offence by kidnap /false imprisonment with intent commit a sexual offence", IndexOffenceGroup.SEXUAL_OFFENCE_SERIOUS_GROUP),
  COMMITTING_AN_OFFENCE_WITH_INTENT_TO_COMMIT_A_SEXUAL_OFFENCE_SECTION_62_OF_THE_SEXUAL_OFFENCES_ACT_2003("Committing an offence with intent to commit a sexual offence (section 62 of the Sexual Offences Act 2003)", IndexOffenceGroup.SEXUAL_OFFENCE_GROUP),
  COMMON_ASSAULT("COMMON ASSAULT", IndexOffenceGroup.VIOLENCE_AGAINST_THE_PERSON_GROUP),
  CONSPIRACY_TO_CAUSE_AN_AFFRAY("CONSPIRACY TO CAUSE AN AFFRAY", IndexOffenceGroup.VIOLENCE_AGAINST_THE_PERSON_GROUP),
  CONSPIRACY_TO_CAUSE_AN_EXPLOSION("CONSPIRACY TO CAUSE AN EXPLOSION", IndexOffenceGroup.TERRORISM_GROUP),
  CONSPIRACY_TO_COMMIT_A_KIDNAP("CONSPIRACY TO COMMIT A KIDNAP", IndexOffenceGroup.VIOLENCE_AGAINST_THE_PERSON_GROUP),
  CONSPIRACY_TO_COMMIT_BURGLARY("CONSPIRACY TO COMMIT BURGLARY", IndexOffenceGroup.BURGLARY_GROUP),
  CONSPIRACY_TO_COMMIT_BURGLARY_WITH_INTENT_TO_STEAL_IN_DWELLING("Conspiracy to commit burglary (with intent to steal - in dwelling)", IndexOffenceGroup.BURGLARY_GROUP),
  CONSPIRACY_TO_COMMIT_ROBBERY("CONSPIRACY TO COMMIT ROBBERY", IndexOffenceGroup.ROBBERY_GROUP),
  CONSPIRACY_TO_COMMIT_THEFT("CONSPIRACY TO COMMIT THEFT", IndexOffenceGroup.THEFT_AND_HANDLING_GROUP),
  CONSPIRACY_TO_DEFRAUD("CONSPIRACY TO DEFRAUD", IndexOffenceGroup.FRAUD_AND_FORGERY_GROUP),
  CONSPIRACY_TO_HI_JACK("CONSPIRACY TO HI-JACK", IndexOffenceGroup.TERRORISM_GROUP),
  CONSPIRACY_TO_IMPORT_DRUGS("CONSPIRACY TO IMPORT DRUGS", IndexOffenceGroup.DRUG_OFFENCES_GROUP),
  CONSPIRACY_TO_RIOT("CONSPIRACY TO RIOT", IndexOffenceGroup.OTHER_GROUP),
  CONSPIRACY_TO_SUPPLY_DRUGS("CONSPIRACY TO SUPPLY DRUGS", IndexOffenceGroup.DRUG_OFFENCES_GROUP),
  CONSPIRACYAIDINGABETTINGOR_INCITEMENT_TO_MURDER("CONSPIRACY,AIDING,ABETTING,OR INCITEMENT TO MURDER", IndexOffenceGroup.VIOLENCE_AGAINST_THE_PERSON_SERIOUS_GROUP),
  CONTEMPT_OF_COURT("CONTEMPT OF COURT", IndexOffenceGroup.OTHER_GROUP),
  CONTROLLING_A_CHILD_PROSTITUTE_OR_A_CHILD_INVOLVED_IN_PORNOGRAPHY_SECTION_49_OF_THE_SEXUAL_OFFENCES_ACT_2003("Controlling a child prostitute or a child involved in pornography (section 49 of the Sexual Offences Act 2003)", IndexOffenceGroup.SEXUAL_OFFENCE_SERIOUS_GROUP),
  COSTS_IN_OTHER_PROCEEDINGS_NOT_MC("COSTS IN OTHER PROCEEDINGS/NOT MC", IndexOffenceGroup.OTHER_GROUP),
  CRIMINAL_ATTEMPTS_ACT("CRIMINAL ATTEMPTS ACT", IndexOffenceGroup.OTHER_GROUP),
  CRIMINAL_BANKRUPTCY("CRIMINAL BANKRUPTCY", IndexOffenceGroup.OTHER_GROUP),
  CRIMINAL_DAMAGE("CRIMINAL DAMAGE", IndexOffenceGroup.OTHER_GROUP),
  CRUELTY_TO_ANIMALS("CRUELTY TO ANIMALS", IndexOffenceGroup.OTHER_GROUP),
  CRUELTY_TO_CHILDREN_SECTION_1_OF_THE_CHILDREN_AND_YOUNG_PERSONS_ACT_1933("Cruelty to children (section 1 of the Children and Young Persons Act 1933)", IndexOffenceGroup.VIOLENCE_AGAINST_THE_PERSON_GROUP),
  CRUELTY_TO_OR_NEGLECT_OF_CHILDREN("CRUELTY TO OR NEGLECT OF CHILDREN", IndexOffenceGroup.OTHER_GROUP),
  CUSTOMS_AND_EXCISE_EVASION("CUSTOMS AND EXCISE EVASION", IndexOffenceGroup.THEFT_AND_HANDLING_GROUP),
  CUSTOMS_EVASION_DRUGS_RELATED("CUSTOMS EVASION (DRUGS RELATED)", IndexOffenceGroup.DRUG_OFFENCES_GROUP),
  CUSTOMS_EVASION_NOT_DRUGS_RELATED("CUSTOMS EVASION (NOT DRUGS RELATED)", IndexOffenceGroup.THEFT_AND_HANDLING_GROUP),
  DEATH_BY_RECKLESS_DRIVING("DEATH BY RECKLESS DRIVING", IndexOffenceGroup.VIOLENCE_AGAINST_THE_PERSON_SERIOUS_GROUP),
  DEBTS("DEBTS", IndexOffenceGroup.OTHER_GROUP),
  DECEPTION("DECEPTION", IndexOffenceGroup.FRAUD_AND_FORGERY_GROUP),
  DESTROYING_FIXED_PLATFORMS_OR_ENDANGERING_THEIR_SAFETY_SECTION_11_OF_THE_AVIATION_AND_MARITIME_SECURITY_ACT_1990("Destroying fixed platforms or endangering their safety (section 11 of the Aviation and Maritime Security Act 1990)", IndexOffenceGroup.TERRORISM_GROUP),
  DESTROYING_OR_DAMAGING_PROPERTY_OTHER_THAN_AN_OFFENCE_OF_ARSON_SECTION_12_OF_THE_CRIMINAL_DAMAGE_ACT_1971("Destroying or damaging property other than an offence of arson (section 1(2) of the Criminal Damage Act 1971)", IndexOffenceGroup.OTHER_GROUP),
  DESTROYING_DAMAGING_OR_ENDANGERING_SAFETY_OF_AIRCRAFT_SECTION_2_OF_THE_AVIATION_SECURITY_ACT_1982("Destroying, damaging or endangering safety of aircraft (section 2 of the Aviation Security Act 1982)", IndexOffenceGroup.TERRORISM_GROUP),
  DRIVING_UNDER_THE_INFLUENCE_OF_DRINK_DRUGS("DRIVING UNDER THE INFLUENCE OF DRINK/DRUGS", IndexOffenceGroup.MOTORING_OFFENCES_GROUP),
  DRIVING_WHILST_DISQUALIFIED("DRIVING WHILST DISQUALIFIED", IndexOffenceGroup.MOTORING_OFFENCES_GROUP),
  DRUNK("DRUNK", IndexOffenceGroup.OTHER_GROUP),
  ENDANGERING_SAFETY_AT_AERODROMES_UNDER_SECTION_1_OF_THE_AVIATION_AND_MARITIME_SECURITY_ACT_1990("Endangering safety at aerodromes (under section 1 of the Aviation and Maritime Security Act 1990)", IndexOffenceGroup.TERRORISM_GROUP),
  ENDANGERING_THE_SAFETY_OF_RAILWAY_PASSENGERS_SECTION_32_OF_THE_OFFENCES_AGAINST_THE_PERSON_ACT_1861("Endangering the safety of railway passengers (section 32 of the Offences Against the Person Act 1861)", IndexOffenceGroup.VIOLENCE_AGAINST_THE_PERSON_SERIOUS_GROUP),
  ENGAGING_IN_SEXUAL_ACTIVITY_IN_THE_PRESENCE_OF_A_CHILD_SECTION_11_OF_THE_SEXUAL_OFFENCES_ACT_2003("Engaging in sexual activity in the presence of a child (section 11 of the Sexual Offences Act 2003)", IndexOffenceGroup.SEXUAL_OFFENCE_SERIOUS_GROUP),
  ENGAGING_IN_SEXUAL_ACTIVITY_IN_THE_PRESENCE_OF_A_PERSON_WITH_A_MENTAL_DISORDER_IMPEDING_CHOICE_SECTION_32_OF_THE_SEXUAL_OFFENCES_ACT_2003("Engaging in sexual activity in the presence of a person with a mental disorder impeding choice (section 32 of the Sexual Offences Act 2003)", IndexOffenceGroup.SEXUAL_OFFENCE_SERIOUS_GROUP),
  ENGAGING_IN_SEXUAL_ACTIVITY_IN_THE_PRESENCE_PROCURED_BY_INDUCEMENT_THREAT_OR_DECEPTION_OF_A_PERSON_WITH_A_MENTAL_DISORDER_SECTION_36_OF_THE_SEXUAL_OFFENCES_ACT_2003("Engaging in sexual activity in the presence, procured by inducement, threat or deception, of a person with a mental disorder (section 36 of the Sexual Offences Act 2003)", IndexOffenceGroup.SEXUAL_OFFENCE_SERIOUS_GROUP),
  ESCAPE_LAWFUL_CUSTODY("ESCAPE LAWFUL CUSTODY", IndexOffenceGroup.OTHER_GROUP),
  FAIL_TO_SURRENDER("FAIL TO SURRENDER", IndexOffenceGroup.OTHER_GROUP),
  FAILURE_TO_PROVIDE_A_SPECIMEN("FAILURE TO PROVIDE A SPECIMEN", IndexOffenceGroup.MOTORING_OFFENCES_GROUP),
  FAILURE_TO_RETURN_FROM_TEMPORARY_ABSENCE("FAILURE TO RETURN FROM TEMPORARY ABSENCE", IndexOffenceGroup.OTHER_GROUP),
  FALSE_IMPRISONMENT("False imprisonment", IndexOffenceGroup.VIOLENCE_AGAINST_THE_PERSON_GROUP),
  FALSE_INSTRUMENTS("FALSE INSTRUMENTS", IndexOffenceGroup.FRAUD_AND_FORGERY_GROUP),
  FALSE_STATEMENT_TO_A_PRISON_OFFICER("FALSE STATEMENT TO A PRISON OFFICER", IndexOffenceGroup.OTHER_GROUP),
  FEMALE_GENITAL_MUTILATION_SECTION_1_OF_THE_FEMALE_GENITAL_MUTILATION_ACT_2003("Female genital mutilation (section 1 of the Female Genital Mutilation Act 2003)", IndexOffenceGroup.SEXUAL_OFFENCE_GROUP),
  FORGERY("FORGERY", IndexOffenceGroup.FRAUD_AND_FORGERY_GROUP),
  FRAUD("FRAUD", IndexOffenceGroup.FRAUD_AND_FORGERY_GROUP),
  FURNISHING_FALSE_INFORMATION("FURNISHING FALSE INFORMATION", IndexOffenceGroup.FRAUD_AND_FORGERY_GROUP),
  GENOCIDE_CRIMES_AGAINST_HUMANITY_WAR_CRIMES_AND_RELATED_OFFENCES_OTHER_THAN_ONE_INVOLVING_MURDER_SECTION_51_OR_52_OF_THE_INTERNATIONAL_CRIMINAL_COURT_ACT_2001("Genocide, crimes against humanity, war crimes and related offences), other than one involving murder (section 51 or 52 of the International Criminal Court Act 2001)", IndexOffenceGroup.VIOLENCE_AGAINST_THE_PERSON_SERIOUS_GROUP),
  GOING_EQUIPED_TO_CHEAT("GOING EQUIPED TO CHEAT", IndexOffenceGroup.THEFT_AND_HANDLING_GROUP),
  GOING_EQUIPPED_FOR_STEALING("GOING EQUIPPED FOR STEALING", IndexOffenceGroup.THEFT_AND_HANDLING_GROUP),
  GROSS_INDECENCY("GROSS INDECENCY", IndexOffenceGroup.SEXUAL_OFFENCE_GROUP),
  GROSS_INDECENCY_WITH_A_CHILD("GROSS INDECENCY WITH A CHILD", IndexOffenceGroup.SEXUAL_OFFENCE_SERIOUS_GROUP),
  HANDLING_STOLEN_GOODS("HANDLING STOLEN GOODS", IndexOffenceGroup.THEFT_AND_HANDLING_GROUP),
  HARRASSMENT("HARRASSMENT", IndexOffenceGroup.OTHER_GROUP),
  HEALTH_AND_SAFTEY_AT_WORK_ACT("HEALTH AND SAFTEY AT WORK ACT", IndexOffenceGroup.OTHER_GROUP),
  HI_JACKING("HI-JACKING", IndexOffenceGroup.TERRORISM_GROUP),
  HIJACKING_SECTION_1_OF_THE_AVIATION_SECURITY_ACT_1982("Hijacking (section 1 of the Aviation Security Act 1982)", IndexOffenceGroup.TERRORISM_GROUP),
  HIJACKING_OF_SHIPS_SECTION_9_OF_THE_AVIATION_AND_MARITIME_SECURITY_ACT_1990("Hijacking of ships (section 9 of the Aviation and Maritime Security Act 1990)", IndexOffenceGroup.TERRORISM_GROUP),
  HOLDING_WARRANT("HOLDING WARRANT", IndexOffenceGroup.OTHER_GROUP),
  HOSTAGE_TAKING_SECTION_1_OF_THE_TAKING_OF_HOSTAGES_ACT_1982("Hostage-taking (section 1 of the Taking of Hostages Act 1982)", IndexOffenceGroup.TERRORISM_GROUP),
  ILLEGAL_IMMIGRANT_DETAINEE("ILLEGAL IMMIGRANT/DETAINEE", IndexOffenceGroup.OTHER_GROUP),
  IMPORT_ERROR_SEE_COMMENTS_SFO("Import Error see comments (SFO)", IndexOffenceGroup.NOT_APPLICABLE_GROUP),
  IMPORT_EXPORT_DRUG("IMPORT/EXPORT/DRUG", IndexOffenceGroup.DRUG_OFFENCES_GROUP),
  IN_DEFAULT_OF_RECOGS("IN DEFAULT OF RECOGS", IndexOffenceGroup.OTHER_GROUP),
  INCEST("INCEST", IndexOffenceGroup.SEXUAL_OFFENCE_GROUP),
  INCEST_BY_A_MAN_SECTION_10_OF_THE_SEXUAL_OFFENCES_ACT_1956("Incest by a man (section 10 of the Sexual Offences Act 1956)", IndexOffenceGroup.SEXUAL_OFFENCE_SERIOUS_GROUP),
  INCEST_BY_MAN_WITH_U13_GIRL("Incest by man with U13 girl", IndexOffenceGroup.SEXUAL_OFFENCE_SERIOUS_GROUP),
  INCITE_CHILD_UNDER_13_TO_ENGAGE_IN_SEXUAL_ACTIVITY("incite child under 13 to engage in sexual activity", IndexOffenceGroup.SEXUAL_OFFENCE_SERIOUS_GROUP),
  INCITING_A_CHILD_FAMILY_MEMBER_TO_ENGAGE_IN_SEXUAL_ACTIVITY_SECTION_26_OF_THE_SEXUAL_OFFENCES_ACT_2003("Inciting a child family member to engage in sexual activity (section 26 of the Sexual Offences Act 2003)", IndexOffenceGroup.SEXUAL_OFFENCE_SERIOUS_GROUP),
  INCITING_GIRL_UNDER_16_TO_HAVE_INCESTUOUS_SEX_INT("INCITING GIRL UNDER 16 TO HAVE INCESTUOUS SEX INT", IndexOffenceGroup.SEXUAL_OFFENCE_SERIOUS_GROUP),
  INDECENCY_BETWEEN_MALES("INDECENCY BETWEEN MALES", IndexOffenceGroup.SEXUAL_OFFENCE_GROUP),
  INDECENT_ASSAULT("INDECENT ASSAULT", IndexOffenceGroup.SEXUAL_OFFENCE_GROUP),
  INDECENT_ASSAULT_ON_A_CHILD("INDECENT ASSAULT ON A CHILD", IndexOffenceGroup.SEXUAL_OFFENCE_SERIOUS_GROUP),
  INDECENT_ASSAULT_ON_A_MAN_SECTION_15_OF_THE_SEXUAL_OFFENCES_ACT_1956("Indecent assault on a man section 15 of the Sexual Offences Act 1956)", IndexOffenceGroup.SEXUAL_OFFENCE_GROUP),
  INDECENT_ASSAULT_ON_A_WOMAN_SECTION_14_OF_THE_SEXUAL_OFFENCES_ACT_1956("Indecent assault on a woman (section 14 of the Sexual Offences Act 1956)", IndexOffenceGroup.SEXUAL_OFFENCE_GROUP),
  INDECENT_CONDUCT_TOWARDS_YOUNG_CHILD_UNDER_SECTION_1_OF_THE_INDECENCY_WITH_CHILDREN_ACT_1960("Indecent conduct towards young child (under section 1 of the Indecency with Children Act 1960)", IndexOffenceGroup.SEXUAL_OFFENCE_SERIOUS_GROUP),
  INDECENT_EXPOSURE("INDECENT EXPOSURE", IndexOffenceGroup.SEXUAL_OFFENCE_GROUP),
  INDECENT_PHOTOGRAPHS("INDECENT PHOTOGRAPHS", IndexOffenceGroup.SEXUAL_OFFENCE_GROUP),
  INDECENT_PHOTOGRAPHS_OF_CHILDREN_SECTION_1_OF_THE_PROTECTION_OF_CHILDREN_ACT_1978("Indecent photographs of children (section 1 of the Protection of Children Act 1978)", IndexOffenceGroup.SEXUAL_OFFENCE_SERIOUS_GROUP),
  INDUCEMENT_THREAT_OR_DECEPTION_TO_PROCURE_SEXUAL_ACTIVITY_WITH_A_PERSON_WITH_A_MENTAL_DISORDER_SECTION_34_OF_THE_SEXUAL_OFFENCES_ACT_2003("Inducement, threat or deception to procure sexual activity with a person with a mental disorder (section 34 of the Sexual Offences Act 2003)", IndexOffenceGroup.SEXUAL_OFFENCE_SERIOUS_GROUP),
  INFANTICIDE_SECTION_1_OF_THE_INFANTICIDE_ACT_1938("Infanticide (section 1 of the Infanticide Act 1938)", IndexOffenceGroup.VIOLENCE_AGAINST_THE_PERSON_SERIOUS_GROUP),
  INFLICT_GRIEVOUS_BODILY_HARM("INFLICT GRIEVOUS BODILY HARM", IndexOffenceGroup.VIOLENCE_AGAINST_THE_PERSON_GROUP),
  INTERCOURSE_WITH_GIRL_UNDER_THIRTEEN_SECTION_5_OF_THE_SEXUAL_OFFENCES_ACT_1956("Intercourse with girl under thirteen (section 5 of the Sexual Offences Act 1956)", IndexOffenceGroup.SEXUAL_OFFENCE_SERIOUS_GROUP),
  INTIMIDATION_OF_WITNESS("INTIMIDATION OF WITNESS", IndexOffenceGroup.VIOLENCE_AGAINST_THE_PERSON_SERIOUS_GROUP),
  KEEPING_A_BROTHEL("KEEPING A BROTHEL", IndexOffenceGroup.SEXUAL_OFFENCE_GROUP),
  KIDNAPPING("Kidnapping", IndexOffenceGroup.VIOLENCE_AGAINST_THE_PERSON_GROUP),
  LIBEL("LIBEL", IndexOffenceGroup.OTHER_GROUP),
  LIVING_OFF_PROSTITUTION("LIVING OFF PROSTITUTION", IndexOffenceGroup.SEXUAL_OFFENCE_GROUP),
  LOITERING("LOITERING", IndexOffenceGroup.OTHER_GROUP),
  MAKE_OFF_WITHOUT_PAYING("MAKE OFF WITHOUT PAYING", IndexOffenceGroup.THEFT_AND_HANDLING_GROUP),
  MALICIOUS_DAMAGE("MALICIOUS DAMAGE", IndexOffenceGroup.OTHER_GROUP),
  MALICIOUS_WOUNDING_INFLICTING_GBH_S20("Malicious Wounding (INFLICTING GBH) s20", IndexOffenceGroup.VIOLENCE_AGAINST_THE_PERSON_GROUP),
  MALICIOUSLY_ADMINISTERING_POISON_ETC_SO_AS_TO_ENDANGER_LIFE_OR_INFLICT_GRIEVOUS_BODILY_HARM_SECTION_23_OF_THE_OFFENCES_AGAINST_THE_PERSON_ACT_1861("Maliciously administering poison etc so as to endanger life or inflict grievous bodily harm (section 23 of the Offences Against the Person Act 1861)", IndexOffenceGroup.VIOLENCE_AGAINST_THE_PERSON_SERIOUS_GROUP),
  MANDATORY_MANSLAUGHTER("Mandatory Manslaughter", IndexOffenceGroup.VIOLENCE_AGAINST_THE_PERSON_SERIOUS_GROUP),
  MANSLAUGHTER("Manslaughter", IndexOffenceGroup.VIOLENCE_AGAINST_THE_PERSON_SERIOUS_GROUP),
  MANSLAUGHTER_D_R("Manslaughter D/R", IndexOffenceGroup.VIOLENCE_AGAINST_THE_PERSON_SERIOUS_GROUP),
  MEETING_A_CHILD_FOLLOWING_SEXUAL_GROOMING_ETC_SECTION_15_OF_THE_SEXUAL_OFFENCES_ACT_2003("Meeting a child following sexual grooming etc (section 15 of the Sexual Offences Act 2003)", IndexOffenceGroup.SEXUAL_OFFENCE_SERIOUS_GROUP),
  MINOR_FIREARM_OFFENCES("Minor firearm offences", IndexOffenceGroup.OTHER_GROUP),
  MURDER("Murder", IndexOffenceGroup.VIOLENCE_AGAINST_THE_PERSON_SERIOUS_GROUP),
  NO_FIREARM_LICENCE("NO FIREARM LICENCE", IndexOffenceGroup.OTHER_GROUP),
  NO_TELEVISION_LICENCE("NO TELEVISION LICENCE", IndexOffenceGroup.OTHER_GROUP),
  NON_PAYMENT_OF_CHILD_MAINTAINANCE("NON PAYMENT OF CHILD MAINTAINANCE", IndexOffenceGroup.OTHER_GROUP),
  NON_PAYMENT_OF_COMMUNITY_CHARGE("NON PAYMENT OF COMMUNITY CHARGE", IndexOffenceGroup.OTHER_GROUP),
  NON_PAYMENT_OF_RATES("NON PAYMENT OF RATES", IndexOffenceGroup.OTHER_GROUP),
  NON_PAYMENT_OF_WIFE_MAINTENANCE_INC_WIFE_AND_CHILD("NON-PAYMENT OF WIFE MAINTENANCE (INC WIFE & CHILD)", IndexOffenceGroup.OTHER_GROUP),
  NOT_APPLICABLE("Not Applicable", IndexOffenceGroup.NOT_APPLICABLE_GROUP),
  NOT_SPECIFIED("Not Specified", IndexOffenceGroup.NOT_SPECIFIED_GROUP),
  OBSCENE_PUBLICATIONS("OBSCENE PUBLICATIONS", IndexOffenceGroup.SEXUAL_OFFENCE_GROUP),
  OBSCENE_TELEPHONE_CALLS("OBSCENE TELEPHONE CALLS", IndexOffenceGroup.SEXUAL_OFFENCE_GROUP),
  OBSTRUCT_OR_RESIST_A_POLICE_CONSTABLE("OBSTRUCT OR RESIST A POLICE CONSTABLE", IndexOffenceGroup.OTHER_GROUP),
  OBSTRUCTION("OBSTRUCTION", IndexOffenceGroup.OTHER_GROUP),
  OBSTRUCTION_OF_COURT_PRISON_OFFICER("OBSTRUCTION OF COURT/PRISON OFFICER", IndexOffenceGroup.OTHER_GROUP),
  OFFENCE_NOT_RECORDED("Offence not recorded", IndexOffenceGroup.NOT_APPLICABLE_GROUP),
  OFFENCES_INVOLVING_THREATS_SECTION_13_OF_THE_AVIATION_AND_MARITIME_SECURITY_ACT_1990("Offences involving threats (section 13 of the Aviation and Maritime Security Act 1990)", IndexOffenceGroup.TERRORISM_GROUP),
  OFFENCES_RELATING_TO_CHANNEL_TUNNEL_TRAINS_AND_THE_TUNNEL_SYSTEM_PART_II_OF_THE_CHANNEL_TUNNEL_SECURITY_ORDER_1994_SI_1994_570("Offences relating to Channel Tunnel trains and the tunnel system (Part II of the Channel Tunnel (Security) Order 1994 (SI 1994/570))", IndexOffenceGroup.TERRORISM_GROUP),
  OFFICIAL_SECRETS_ACT("OFFICIAL SECRETS ACT", IndexOffenceGroup.OTHER_GROUP),
  OTHER_ACTS_ENDANGERING_OR_LIKELY_TO_ENDANGER_SAFE_NAVIGATION_SECTION_12_OF_THE_AVIATION_AND_MARITIME_SECURITY_ACT_1990("Other acts endangering or likely to endanger safe navigation (section 12 of the Aviation and Maritime Security Act 1990)", IndexOffenceGroup.TERRORISM_GROUP),
  OTHER_ACTS_ENDANGERING_OR_LIKELY_TO_ENDANGER_SAFETY_OF_AIRCRAFT_SECTION_3_OF_THE_AVIATION_SECURITY_ACT_1982("Other acts endangering or likely to endanger safety of aircraft (section 3 of the Aviation Security Act 1982)", IndexOffenceGroup.TERRORISM_GROUP),
  OTHER_BURGLARY_OFFENCES("OTHER BURGLARY OFFENCES", IndexOffenceGroup.BURGLARY_GROUP),
  OTHER_CHILD_PROSTITUTION("Other child prostitution", IndexOffenceGroup.SEXUAL_OFFENCE_SERIOUS_GROUP),
  OTHER_CIVIL_OFFENCES("OTHER CIVIL OFFENCES", IndexOffenceGroup.OTHER_GROUP),
  OTHER_CRIMINAL_OFFENCES("OTHER CRIMINAL OFFENCES", IndexOffenceGroup.OTHER_GROUP),
  OTHER_DRIVING_OFFENCES("OTHER DRIVING OFFENCES", IndexOffenceGroup.MOTORING_OFFENCES_GROUP),
  OTHER_DRUGS_OFFENCES("OTHER DRUGS OFFENCES", IndexOffenceGroup.DRUG_OFFENCES_GROUP),
  OTHER_EXPLOSIVES_OFFENCES("Other explosives offences", IndexOffenceGroup.TERRORISM_GROUP),
  OTHER_FRAUD_DECEPTION_FINANCIAL_OFFENCES("OTHER FRAUD/DECEPTION/FINANCIAL OFFENCES", IndexOffenceGroup.FRAUD_AND_FORGERY_GROUP),
  OTHER_OFFENCES_AGAINST_THE_PERSON("Other offences against the person", IndexOffenceGroup.VIOLENCE_AGAINST_THE_PERSON_SERIOUS_GROUP),
  OTHER_SERIOUS_CHILD_SEX_OFFENCES("Other Serious child sex offences", IndexOffenceGroup.VIOLENCE_AGAINST_THE_PERSON_SERIOUS_GROUP),
  OTHER_SERIOUS_VIOLENT_OFFENCE("Other serious violent offence", IndexOffenceGroup.VIOLENCE_AGAINST_THE_PERSON_SERIOUS_GROUP),
  OTHER_SEX_TRAFFICKING("Other sex trafficking", IndexOffenceGroup.SEXUAL_OFFENCE_SERIOUS_GROUP),
  OTHER_SEXUAL_OFFENCES("OTHER SEXUAL OFFENCES", IndexOffenceGroup.SEXUAL_OFFENCE_GROUP),
  OTHER_THEFT_OFFENCES("OTHER THEFT OFFENCES", IndexOffenceGroup.THEFT_AND_HANDLING_GROUP),
  OTHER_VIOLENT_OFFENCES("OTHER VIOLENT OFFENCES", IndexOffenceGroup.VIOLENCE_AGAINST_THE_PERSON_GROUP),
  PARENTS_FINE_FOR_CHILD("PARENTS FINE FOR CHILD", IndexOffenceGroup.OTHER_GROUP),
  PAYING_FOR_SEXUAL_SERVICES_OF_A_CHILD_SECTION_47_OF_THE_SEXUAL_OFFENCES_ACT_2003("Paying for sexual services of a child (section 47 of the Sexual Offences Act 2003)", IndexOffenceGroup.SEXUAL_OFFENCE_SERIOUS_GROUP),
  PERJURY("PERJURY", IndexOffenceGroup.OTHER_GROUP),
  PERMITTING_GIRL_UNDER_THIRTEEN_TO_USE_PREMISES_FOR_INTERCOURSE_SECTION_25_OF_THE_SEXUAL_OFFENCES_ACT_1956("Permitting girl under thirteen to use premises for intercourse (section 25 of the Sexual Offences Act 1956)", IndexOffenceGroup.SEXUAL_OFFENCE_SERIOUS_GROUP),
  PLACING_EXPLOSIVES_ETC_WITH_INTENT_TO_DO_BODILY_INJURY_SECTION_30_OF_THE_OFFENCES_AGAINST_THE_PERSON_ACT_1861("Placing explosives etc with intent to do bodily injury (section 30 of the Offences Against the Person Act 1861)", IndexOffenceGroup.TERRORISM_GROUP),
  POSSESSION_DRUG("POSSESSION DRUG", IndexOffenceGroup.DRUG_OFFENCES_GROUP),
  POSSESSION_DRUGS_WITH_INTENT_TO_SUPPLY("POSSESSION DRUGS WITH INTENT TO SUPPLY", IndexOffenceGroup.DRUG_OFFENCES_GROUP),
  POSSESSION_OF_A_FIREARM("Possession of a Firearm", IndexOffenceGroup.OTHER_GROUP),
  POSSESSION_OF_AN_OFFENSIVE_WEAPON("POSSESSION OF AN OFFENSIVE WEAPON", IndexOffenceGroup.OTHER_GROUP),
  POSSESSION_OF_FIREARM_AT_TIME_OF_COMMITTING_OR_BEING_ARRESTED_FOR_OFFENCE_SPECIFIED_IN_SCHEDULE_1_TO_THAT_ACT_SECTION_172_OF_THE_FIREARMS_ACT_1968("Possession of firearm at time of committing or being arrested for offence specified in Schedule 1 to that Act (section 17(2) of the Firearms Act 1968)", IndexOffenceGroup.VIOLENCE_AGAINST_THE_PERSON_GROUP),
  POSSESSION_OF_FIREARM_WITH_INTENT_TO_CAUSE_FEAR_OF_VIOLENCE_SECTION_16A_OF_THE_FIREARMS_ACT_1968("Possession of firearm with intent to cause fear of violence (section 16A of the Firearms Act 1968)", IndexOffenceGroup.VIOLENCE_AGAINST_THE_PERSON_SERIOUS_GROUP),
  POSSESSION_OF_FIREARM_WITH_INTENT_TO_ENDANGER_LIFE_SECTION_16_OF_THE_FIREARMS_ACT_1968("Possession of firearm with intent to endanger life (section 16 of the Firearms Act 1968)", IndexOffenceGroup.VIOLENCE_AGAINST_THE_PERSON_SERIOUS_GROUP),
  PREVENTION_OF_TERRORISM_ACT("PREVENTION OF TERRORISM ACT", IndexOffenceGroup.TERRORISM_GROUP),
  PROCESSING_A_DOCUMENT_LIKELY_TO_BE_USEFUL_TO_A_PERSON_COMMITTING_PREPARING_AN_ACT_OF_TERRORISM("processing a document likely to be useful to a person committing/ preparing an act of terrorism", IndexOffenceGroup.TERRORISM_GROUP),
  PROCURATION("PROCURATION", IndexOffenceGroup.SEXUAL_OFFENCE_GROUP),
  PROCURING_ILLEGAL_ABORTION_CONCEALMENT_OF_BIRTH("PROCURING ILLEGAL ABORTION/CONCEALMENT OF BIRTH", IndexOffenceGroup.OTHER_GROUP),
  PRODUCTION_DRUG("PRODUCTION DRUG", IndexOffenceGroup.DRUG_OFFENCES_GROUP),
  PROSTITUTION("PROSTITUTION", IndexOffenceGroup.SEXUAL_OFFENCE_GROUP),
  PROSTITUTION_INTERCOURSE_IND_ASS_ON_GIRL_UNDER_16("PROSTITUTION/INTERCOURSE/IND ASS ON GIRL UNDER 16", IndexOffenceGroup.SEXUAL_OFFENCE_SERIOUS_GROUP),
  PUBLIC_ORDER_OFFENCES("Public Order Offences", IndexOffenceGroup.OTHER_GROUP),
  RAILWAY_OFFENCES("Railway Offences", IndexOffenceGroup.OTHER_GROUP),
  RAPE_SECTION_1_OF_THE_SEXUAL_OFFENCES_ACT_1956("Rape (section 1 of the Sexual Offences Act 1956)", IndexOffenceGroup.SEXUAL_OFFENCE_SERIOUS_GROUP),
  RAPE_SECTION_1_OF_THE_SEXUAL_OFFENCES_ACT_2003("Rape (section 1 of the Sexual Offences Act 2003)", IndexOffenceGroup.SEXUAL_OFFENCE_SERIOUS_GROUP),
  RAPE_OF_A_CHILD_UNDER_13_SECTION_5_OF_THE_SEXUAL_OFFENCES_ACT_2003("Rape of a child under 13 (section 5 of the Sexual Offences Act 2003)", IndexOffenceGroup.SEXUAL_OFFENCE_SERIOUS_GROUP),
  RECEIVING_STOLEN_GOODS("RECEIVING STOLEN GOODS", IndexOffenceGroup.THEFT_AND_HANDLING_GROUP),
  RECKLESS_DRIVING("RECKLESS DRIVING", IndexOffenceGroup.MOTORING_OFFENCES_GROUP),
  RIOT_SECTION_1_OF_THE_PUBLIC_ORDER_ACT_1986("Riot (section 1 of the Public Order Act 1986)", IndexOffenceGroup.VIOLENCE_AGAINST_THE_PERSON_SERIOUS_GROUP),
  RIOTING("RIOTING", IndexOffenceGroup.OTHER_GROUP),
  ROAD_TRAFFIC_ACTNO_INS_LIC_LIGHTS_BALD_TYRES_ETC("ROAD TRAFFIC ACT(NO INS/LIC/LIGHTS/BALD TYRES ETC)", IndexOffenceGroup.MOTORING_OFFENCES_GROUP),
  ROBBERY("ROBBERY", IndexOffenceGroup.ROBBERY_GROUP),
  ROBBERY_OR_ASSAULT_WITH_INTENT_TO_ROB_SECTION_8_OF_THE_THEFT_ACT_1968("Robbery or assault with intent to rob (section 8 of the Theft Act 1968)", IndexOffenceGroup.THEFT_AND_HANDLING_GROUP),
  S38_BREACH_OF_LICENCE_FOR_SHORT_TERM_PRISONERS("S38 BREACH OF LICENCE FOR SHORT TERM PRISONERS", IndexOffenceGroup.OTHER_GROUP),
  SEC_40_CONVICTIONS_DURING_ORIGINAL_SENTENCE("SEC 40 CONVICTIONS DURING ORIGINAL SENTENCE", IndexOffenceGroup.OTHER_GROUP),
  SEIZING_OR_EXERCISING_CONTROL_OF_FIXED_PLATFORMS_SECTION_10_OF_THE_AVIATION_AND_MARITIME_SECURITY_ACT_1990("Seizing or exercising control of fixed platforms (section 10 of the Aviation and Maritime Security Act 1990)", IndexOffenceGroup.TERRORISM_GROUP),
  SERIOUS_FIREARMS_OFFENCES_SFO("Serious firearms offences (SFO)", IndexOffenceGroup.VIOLENCE_AGAINST_THE_PERSON_SERIOUS_GROUP),
  SERIOUS_SEXUAL_OFFENCE_MIGRATED_DATA("Serious Sexual Offence - Migrated Data", IndexOffenceGroup.NOT_APPLICABLE_GROUP),
  SERIOUS_VIOLENT_OFFENCE_MIGRATED_DATA("Serious Violent Offence - Migrated Data", IndexOffenceGroup.NOT_APPLICABLE_GROUP),
  SETTING_TRAP_WITH_INTENT_TO_CAUSE_GRIEVOUS_BODILY_HARM("Setting trap with intent to cause grievous bodily harm", IndexOffenceGroup.VIOLENCE_AGAINST_THE_PERSON_SERIOUS_GROUP),
  SEXUAL_ACTIVITY_WITH_A_CHILD_SECTION_9_OF_THE_SEXUAL_OFFENCES_ACT_2003("Sexual activity with a child (section 9 of the Sexual Offences Act 2003)", IndexOffenceGroup.SEXUAL_OFFENCE_SERIOUS_GROUP),
  SEXUAL_ACTIVITY_WITH_A_CHILD_FAMILY_MEMBER_SECTION_25_OF_THE_SEXUAL_OFFENCES_ACT_2003("Sexual activity with a child family member (section 25 of the Sexual Offences Act 2003)", IndexOffenceGroup.SEXUAL_OFFENCE_SERIOUS_GROUP),
  SEXUAL_ACTIVITY_WITH_A_PERSON_WITH_A_MENTAL_DISORDER_IMPEDING_CHOICE_SECTION_30_OF_THE_SEXUAL_OFFENCES_ACT_2003("Sexual activity with a person with a mental disorder impeding choice (section 30 of the Sexual Offences Act 2003)", IndexOffenceGroup.SEXUAL_OFFENCE_SERIOUS_GROUP),
  SEXUAL_ACTIVITY_WITH_FEMALE_PERSON_WITH_A_MENTAL_DISORDER_LEARNING_DISABILITY_CARE_WORKER_PENETRATION_OF_ANUS_VAGINA_MOUTH_BY_PENIS_PART_OF_BODY("Sexual activity with female person with a mental disorder/learning disability - care worker - penetration of anus, vagina, mouth by penis/part of body", IndexOffenceGroup.SEXUAL_OFFENCE_SERIOUS_GROUP),
  SEXUAL_ACTIVITY_WITH_MALE_PERSON_WITH_A_MENTAL_DISORDER_LEARNING_DISABILITY_CARE_WORKER_PENETRATION_OF_ANUS_VAGINA_MOUTH_BY_PENIS_PART_OF_BODY("Sexual activity with male person with a mental disorder/learning disability - care worker - penetration of anus, vagina, mouth by penis/part of body", IndexOffenceGroup.SEXUAL_OFFENCE_SERIOUS_GROUP),
  SEXUAL_ASSAULT_SECTION_3_OF_THE_SEXUAL_OFFENCES_ACT_2003("Sexual assault (section 3 of the Sexual Offences Act 2003)", IndexOffenceGroup.SEXUAL_OFFENCE_SERIOUS_GROUP),
  SEXUAL_ASSAULT_OF_A_CHILD_UNDER_13_SECTION_7_OF_THE_SEXUAL_OFFENCES_ACT_2003("Sexual assault of a child under 13 (section 7 of the Sexual Offences Act 2003)", IndexOffenceGroup.SEXUAL_OFFENCE_SERIOUS_GROUP),
  SOLICITING_MURDER_SECTION_4_OF_THE_OFFENCES_AGAINST_THE_PERSON_ACT_1861("Soliciting murder (section 4 of the Offences against the Person Act 1861)", IndexOffenceGroup.VIOLENCE_AGAINST_THE_PERSON_SERIOUS_GROUP),
  SOLICITING_IMPORTUNING_MALES("SOLICITING/IMPORTUNING (MALES)", IndexOffenceGroup.SEXUAL_OFFENCE_GROUP),
  STALK_A_PERSON_CAUSING_FEAR_OF_VIOLENCE("STALK A PERSON CAUSING FEAR OF VIOLENCE", IndexOffenceGroup.OTHER_GROUP),
  SUPPLYING_DRUGS("SUPPLYING DRUGS", IndexOffenceGroup.DRUG_OFFENCES_GROUP),
  TAKING_AND_DRIVING_AWAY("TAKING AND DRIVING AWAY", IndexOffenceGroup.THEFT_AND_HANDLING_GROUP),
  THEFT("THEFT", IndexOffenceGroup.THEFT_AND_HANDLING_GROUP),
  THREATENING_DISORDERLY_BEHAVIOUR("THREATENING / DISORDERLY BEHAVIOUR", IndexOffenceGroup.VIOLENCE_AGAINST_THE_PERSON_GROUP),
  THREATS_TO_KILL_SECTION_16_OF_THE_OFFENCES_AGAINST_THE_PERSON_ACT_1861("Threats to kill (section 16 of the Offences against the Person Act 1861)", IndexOffenceGroup.VIOLENCE_AGAINST_THE_PERSON_SERIOUS_GROUP),
  TORTURE_SECTION_134_OF_THE_CRIMINAL_JUSTICE_ACT_1988("Torture (section 134 of the Criminal Justice Act 1988)", IndexOffenceGroup.VIOLENCE_AGAINST_THE_PERSON_SERIOUS_GROUP),
  TRAFFICKING_INTO_THE_UK_FOR_SEXUAL_EXPLOITATION_SECTION_57_OF_THE_SEXUAL_OFFENCES_ACT_2003("Trafficking into the UK for sexual exploitation (section 57 of the Sexual Offences Act 2003)", IndexOffenceGroup.SEXUAL_OFFENCE_SERIOUS_GROUP),
  TRAFFICKING_OUT_OF_THE_UK_FOR_SEXUAL_EXPLOITATION_SECTION_59_OF_THE_SEXUAL_OFFENCES_ACT_2003("Trafficking out of the UK for sexual exploitation (section 59 of the Sexual Offences Act 2003)", IndexOffenceGroup.SEXUAL_OFFENCE_SERIOUS_GROUP),
  TRAFFICKING_WITHIN_THE_UK_FOR_SEXUAL_EXPLOITATION_SECTION_58_OF_THE_SEXUAL_OFFENCES_ACT_2003("Trafficking within the UK for sexual exploitation (section 58 of the Sexual Offences Act 2003)", IndexOffenceGroup.SEXUAL_OFFENCE_SERIOUS_GROUP),
  TREASON("TREASON", IndexOffenceGroup.OTHER_GROUP),
  TRESPASS("TRESPASS", IndexOffenceGroup.OTHER_GROUP),
  TRESPASS_WITH_INTENT("TRESPASS WITH INTENT", IndexOffenceGroup.BURGLARY_GROUP),
  TRESPASS_WITH_INTENT_TO_COMMIT_A_SEXUAL_OFFENCE_SECTION_63_OF_THE_SEXUAL_OFFENCES_ACT_2003("Trespass with intent to commit a sexual offence (section 63 of the Sexual Offences Act 2003)", IndexOffenceGroup.SEXUAL_OFFENCE_GROUP),
  UAL_OFFENCE("UAL Offence", IndexOffenceGroup.OTHER_GROUP),
  UNKNOWN_MIGRATED("Unknown - Migrated", IndexOffenceGroup.NOT_APPLICABLE_GROUP),
  UNLAWFUL_SEXUAL_INTERCOURSE("UNLAWFUL SEXUAL INTERCOURSE", IndexOffenceGroup.SEXUAL_OFFENCE_SERIOUS_GROUP),
  UNLAWFUL_SEXUAL_INTERCOURSE_GIRL_13_16("UNLAWFUL SEXUAL INTERCOURSE GIRL 13-16", IndexOffenceGroup.SEXUAL_OFFENCE_SERIOUS_GROUP),
  UNLAWFUL_SEXUAL_INTERCOURSE_GIRL_UNDER_13("UNLAWFUL SEXUAL INTERCOURSE GIRL UNDER 13", IndexOffenceGroup.SEXUAL_OFFENCE_SERIOUS_GROUP),
  USE_OF_FIREARM_TO_RESIST_ARREST_SECTION_171_OF_THE_FIREARMS_ACT_1968("Use of firearm to resist arrest (section 17(1) of the Firearms Act 1968)", IndexOffenceGroup.VIOLENCE_AGAINST_THE_PERSON_GROUP),
  USING_CHLOROFORM_ETC_TO_COMMIT_OR_ASSIST_IN_THE_COMMITTING_OF_ANY_INDICTABLE_OFFENCE_SECTION_22_OF_THE_OFFENCES_AGAINST_THE_PERSON_ACT_1861("Using chloroform etc to commit or assist in the committing of any indictable offence (section 22 of the Offences Against the Person Act 1861)", IndexOffenceGroup.VIOLENCE_AGAINST_THE_PERSON_GROUP),
  USING_EXPLOSIVES_ETC_WITH_INTENT_TO_DO_GRIEVOUS_BODILY_HARM_SECTION_29_OF_THE_OFFENCES_AGAINST_THE_PERSON_ACT_1861("Using explosives etc with intent to do grievous bodily harm (section 29 of the Offences Against the Person Act 1861)", IndexOffenceGroup.TERRORISM_GROUP),
  VAGRANCY("VAGRANCY", IndexOffenceGroup.OTHER_GROUP),
  VARIOUS_MIGRATED_DATA("Various - Migrated Data", IndexOffenceGroup.NOT_APPLICABLE_GROUP),
  VEHICLE_INTERFERENCE("VEHICLE INTERFERENCE", IndexOffenceGroup.MOTORING_OFFENCES_GROUP),
  VIOLENT_DISORDER("VIOLENT DISORDER", IndexOffenceGroup.VIOLENCE_AGAINST_THE_PERSON_GROUP),
  WASTING_POLICE_TIME("Wasting Police time", IndexOffenceGroup.OTHER_GROUP),
  WOUNDING_WITH_INTENT_TO_CAUSE_GRIEVOUS_BODILY_HARM("Wounding with intent to cause grievous bodily harm", IndexOffenceGroup.NOT_SPECIFIED_GROUP),
